{
    // The tab key will cycle through the settings when first created
    
    // sftp or ftp
    "type": "ftp",
    "save_before_upload": true,
    "upload_on_save": false,
    "sync_down_on_open": false,
    "sync_skip_deletes": false,
    "confirm_sync": true,
    "confirm_overwrite_newer": false,
    
    "host": "narrowdesign.com",
    "user": "serveradmin@narrowdesign.com",
    "password": "C0r!yjole9",
    //"port": "22",
    
    "remote_path": "/domains/narrowdesign.com/html",
    "ignore_regex": "(\\.sublime-project|\\.sublime-workspace|sftp-config\\.json|sftp-settings\\.json|\\.svn|\\.hg|\\.git|\\.bzr|_darcs|CVS|\\.DS_Store|Thumbs\\.db|desktop\\.ini)",
    //"file_permissions": "664",
    //"dir_permissions": "775",
    
    "connect_timeout": 30,
    //"ftp_passive_mode": true,
    //"ssh_key_file": "~/.ssh/id_rsa",
    //"sftp_flags": "-F /path/to/ssh_config",
    
    //"preserve_modification_times": false,
    //"remote_time_offset_in_hours": 0,
    //"remote_encoding": "utf-8",
    //"remote_locale": "C",
}